﻿{"data":[{"GPOChanges":{"LocalAdmins":[],"RemoteDesktopUsers":[],"DcomUsers":[],"PSRemoteUsers":[],"AffectedComputers":[]},"Properties":{"domain":"ES.RANDOMHOUSE.COM","name":"ES.RANDOMHOUSE.COM","distinguishedname":"DC=ES,DC=RANDOMHOUSE,DC=COM","domainsid":"S-1-5-21-776561741-1682526488-725345543","highvalue":true,"description":null,"whencreated":1058910441,"functionallevel":"2016"},"ChildObjects":[{"ObjectIdentifier":"53F2CBAA-F2EF-4386-8499-A12AF534EB6A","ObjectType":"OU"},{"ObjectIdentifier":"5AE70AB8-C8BA-4A2D-A26D-D657FDB8EC68","ObjectType":"OU"},{"ObjectIdentifier":"CBCCC807-B99C-4159-BE8B-E0B2D93F5192","ObjectType":"OU"},{"ObjectIdentifier":"B1FE4EEC-EC6F-4BFA-8A13-0491546CAB86","ObjectType":"OU"},{"ObjectIdentifier":"09BF4EAC-3082-4D43-BDB3-7EA0E125067D","ObjectType":"OU"},{"ObjectIdentifier":"E3F372F2-6155-46C4-A2A8-696472AE58D8","ObjectType":"OU"},{"ObjectIdentifier":"F620E550-82FA-4CC4-8EE8-A231B8E6A050","ObjectType":"Container"},{"ObjectIdentifier":"AE616980-CFAA-470E-874B-024BEC823C1C","ObjectType":"OU"},{"ObjectIdentifier":"305AA9B9-5592-4B51-B91A-E422E5CECA43","ObjectType":"OU"},{"ObjectIdentifier":"184E8F8C-CC0F-41EC-AE03-30DB3AB688A0","ObjectType":"OU"},{"ObjectIdentifier":"A3305721-ED96-4DD2-AEA0-A65A4815C3D1","ObjectType":"OU"},{"ObjectIdentifier":"87350EB7-6B9F-465F-90F5-10EC6360C827","ObjectType":"OU"},{"ObjectIdentifier":"7E7DCF7B-DCA5-46A1-B321-308996779CFA","ObjectType":"Container"},{"ObjectIdentifier":"465019B1-CB13-4460-8710-A920C846B5CE","ObjectType":"OU"},{"ObjectIdentifier":"8BD9182D-17BF-4C84-B41B-EE3D8DFE1953","ObjectType":"Container"},{"ObjectIdentifier":"0A1E6820-4ECC-4B72-AA87-48E5F4B0C342","ObjectType":"OU"},{"ObjectIdentifier":"9DBE7942-89C8-4B13-9FF5-F8900FED544B","ObjectType":"OU"},{"ObjectIdentifier":"F9B142E0-2066-489B-A9C1-1BB030D7FABB","ObjectType":"Container"},{"ObjectIdentifier":"05142FD5-8D83-4291-972C-6B0197C1E2C5","ObjectType":"OU"},{"ObjectIdentifier":"19A68C47-A6A3-47CC-B2A7-FF360FF0A3C2","ObjectType":"OU"},{"ObjectIdentifier":"DF41CEE3-F31E-4A8D-97B6-36D81CC1E2DC","ObjectType":"OU"},{"ObjectIdentifier":"701F25DD-9314-4028-9915-5DACE2767A9B","ObjectType":"OU"},{"ObjectIdentifier":"C01E47E2-16FC-4379-9C27-BBB5CABF4F69","ObjectType":"OU"},{"ObjectIdentifier":"45AB2344-0556-43E6-BFEC-B40043355ECD","ObjectType":"OU"},{"ObjectIdentifier":"645F3142-F298-4622-8943-7CE9DCC8639B","ObjectType":"OU"},{"ObjectIdentifier":"2A8DA6AC-CFEE-406E-81FE-C9908E63BCAF","ObjectType":"OU"},{"ObjectIdentifier":"D93A231E-55FD-4BBE-A981-9C337ABA4A57","ObjectType":"OU"},{"ObjectIdentifier":"1C662D06-06A3-4BB9-9705-895DF18CC7A6","ObjectType":"OU"},{"ObjectIdentifier":"F4A71D60-ACE6-4429-B7BE-273B27375507","ObjectType":"OU"},{"ObjectIdentifier":"68896AE4-ED49-4D03-9A87-4C808B2D1028","ObjectType":"OU"},{"ObjectIdentifier":"29E34E56-41AB-43E1-AA68-4E612FB7DDC6","ObjectType":"OU"},{"ObjectIdentifier":"ABC23AEC-E388-42EB-BB60-50895E159643","ObjectType":"OU"},{"ObjectIdentifier":"D5D871AB-9DBA-4FFB-8FDF-F5110A85F3F5","ObjectType":"Container"}],"Trusts":[{"TargetDomainSid":"S-1-5-21-117609710-412668190-682003330","TargetDomainName":"RANDOMHOUSE.COM","IsTransitive":true,"SidFilteringEnabled":false,"TrustDirection":3,"TrustType":4},{"TargetDomainSid":"S-1-5-21-1349657552-1186501518-169819429","TargetDomainName":"BERTELSMANN.ES","IsTransitive":true,"SidFilteringEnabled":true,"TrustDirection":3,"TrustType":3}],"Links":[{"IsEnforced":true,"GUID":"63950476-A399-4474-9F2E-8C360D511EC8"},{"IsEnforced":true,"GUID":"25B7DAAE-6E74-4350-948C-5141F06D245F"}],"Aces":[{"PrincipalSID":"ES.RANDOMHOUSE.COM-S-1-5-32-544","PrincipalType":"Group","RightName":"Owns","IsInherited":false},{"PrincipalSID":"ES.RANDOMHOUSE.COM-S-1-5-32-544","PrincipalType":"Group","RightName":"WriteDacl","IsInherited":false},{"PrincipalSID":"ES.RANDOMHOUSE.COM-S-1-5-32-544","PrincipalType":"Group","RightName":"WriteOwner","IsInherited":false},{"PrincipalSID":"ES.RANDOMHOUSE.COM-S-1-5-32-544","PrincipalType":"Group","RightName":"AllExtendedRights","IsInherited":false},{"PrincipalSID":"S-1-5-21-117609710-412668190-682003330-519","PrincipalType":"Base","RightName":"GenericAll","IsInherited":false},{"PrincipalSID":"S-1-5-21-117609710-412668190-682003330-527","PrincipalType":"Base","RightName":"GenericAll","IsInherited":false},{"PrincipalSID":"S-1-5-21-776561741-1682526488-725345543-512","PrincipalType":"Group","RightName":"WriteDacl","IsInherited":false},{"PrincipalSID":"S-1-5-21-776561741-1682526488-725345543-512","PrincipalType":"Group","RightName":"WriteOwner","IsInherited":false},{"PrincipalSID":"S-1-5-21-776561741-1682526488-725345543-512","PrincipalType":"Group","RightName":"AllExtendedRights","IsInherited":false},{"PrincipalSID":"RANDOMHOUSE.COM-S-1-5-9","PrincipalType":"Group","RightName":"GetChanges","IsInherited":false},{"PrincipalSID":"RANDOMHOUSE.COM-S-1-5-9","PrincipalType":"Group","RightName":"GetChangesInFilteredSet","IsInherited":false},{"PrincipalSID":"ES.RANDOMHOUSE.COM-S-1-5-32-544","PrincipalType":"Group","RightName":"GetChangesInFilteredSet","IsInherited":false},{"PrincipalSID":"ES.RANDOMHOUSE.COM-S-1-5-32-544","PrincipalType":"Group","RightName":"GetChangesAll","IsInherited":false},{"PrincipalSID":"ES.RANDOMHOUSE.COM-S-1-5-32-544","PrincipalType":"Group","RightName":"GetChanges","IsInherited":false},{"PrincipalSID":"S-1-5-21-117609710-412668190-682003330-498","PrincipalType":"Base","RightName":"GetChanges","IsInherited":false},{"PrincipalSID":"S-1-5-21-117609710-412668190-682003330-7114","PrincipalType":"User","RightName":"GetChanges","IsInherited":false},{"PrincipalSID":"S-1-5-21-117609710-412668190-682003330-7114","PrincipalType":"User","RightName":"GetChangesAll","IsInherited":false},{"PrincipalSID":"S-1-5-21-117609710-412668190-682003330-7118","PrincipalType":"User","RightName":"GetChangesAll","IsInherited":false},{"PrincipalSID":"S-1-5-21-117609710-412668190-682003330-7118","PrincipalType":"User","RightName":"GetChanges","IsInherited":false},{"PrincipalSID":"S-1-5-21-117609710-412668190-682003330-7651","PrincipalType":"User","RightName":"GetChangesAll","IsInherited":false},{"PrincipalSID":"S-1-5-21-117609710-412668190-682003330-7651","PrincipalType":"User","RightName":"GetChanges","IsInherited":false},{"PrincipalSID":"S-1-5-21-776561741-1682526488-725345543-516","PrincipalType":"Group","RightName":"GetChangesAll","IsInherited":false},{"PrincipalSID":"S-1-5-21-776561741-1682526488-725345543-25621","PrincipalType":"User","RightName":"GetChanges","IsInherited":false},{"PrincipalSID":"S-1-5-21-830825425-1422946630-1042822891-108561","PrincipalType":"Base","RightName":"GetChangesAll","IsInherited":false},{"PrincipalSID":"S-1-5-21-830825425-1422946630-1042822891-108561","PrincipalType":"Base","RightName":"GetChanges","IsInherited":false}],"ObjectIdentifier":"S-1-5-21-776561741-1682526488-725345543","IsDeleted":false,"IsACLProtected":false}],"meta":{"methods":29675,"type":"domains","count":1,"version":5}}